Variant,Threshold,PR-AUC,ROC-AUC,F1,Precision,Recall,G-Mean,MCC,TN,FP,FN,TP
Порог по умолчанию,0.5,0.6983696907401976,0.8976111111111111,0.504875406283857,0.3739967897271268,0.7766666666666666,0.8151573354153672,0.46757755126709677,2310,390,67,233
Оптимум по F1,0.7693970596831101,0.6983696907401976,0.8976111111111111,0.6407079646017699,0.6830188679245283,0.6033333333333334,0.7645671736106403,0.6049307019413781,2616,84,119,181
Оптимум по G-mean,0.46374349756536215,0.6983696907401976,0.8976111111111111,0.48096192384769537,0.3438395415472779,0.8,0.8150437388854026,0.44756686852585537,2242,458,60,240
Оптимум по J (Юден),0.46374349756536215,0.6983696907401976,0.8976111111111111,0.48096192384769537,0.3438395415472779,0.8,0.8150437388854026,0.44756686852585537,2242,458,60,240
